	try_1	try_2	try_3	try_4	try_5	try_6	try_7	try_8	try_9	try_10	try_11	try_12	try_13	try_14	try_15	try_16	try_17	try_18	try_19	try_20	try_21	try_22	try_23	try_24	try_25	try_26	try_27	try_28	try_29	try_30	try_31	try_32	try_33	try_34	try_35	try_36	try_37	try_38	try_39	try_40	try_41	try_42	try_43	try_44	try_45	try_46	try_47	try_48	try_49	try_50	try_51	try_52	try_53	try_54	try_55	try_56	try_57	try_58	try_59	try_60	try_61	try_62	try_63	try_64	try_65	try_66	try_67	try_68	try_69	try_70	try_71	try_72	try_73	try_74	try_75	try_76	try_77	try_78	try_79	try_80	try_81	try_82	try_83	try_84	try_85	try_86	try_87	try_88	try_89	try_90	try_91	try_92	try_93	try_94	try_95	try_96	try_97	try_98	try_99	try_100	try_101	try_102	try_103	try_104	try_105	try_106	try_107	try_108	try_109	try_110	try_111	try_112	try_113	try_114	try_115	try_116	try_117	try_118	try_119	try_120	try_121	try_122	try_123	try_124	try_125	try_126	try_127	try_128	try_129	try_130	try_131	try_132	try_133	try_134	try_135	try_136	try_137	try_138	try_139	try_140	try_141	try_142	try_143	try_144	try_145	try_146	try_147	try_148	try_149	try_150	try_151	try_152	try_153	try_154	try_155	try_156	try_157	try_158	try_159	try_160	try_161	try_162	try_163	try_164	try_165	try_166	try_167	try_168	try_169	try_170	try_171	try_172	try_173	try_174	try_175	try_176	try_177	try_178	try_179	try_180	try_181	try_182	try_183	try_184	try_185	try_186	try_187	try_188	try_189	try_190	try_191	try_192	try_193	try_194	try_195	try_196	try_197	try_198	try_199	try_200	try_201	try_202	try_203	try_204	try_205	try_206	try_207	try_208	try_209	try_210	try_211	try_212	try_213	try_214	try_215	try_216	try_217	try_218	try_219	try_220	try_221	try_222	try_223	try_224	try_225	try_226	try_227	try_228	try_229	try_230	try_231	try_232	try_233	try_234	try_235	try_236	try_237	try_238	try_239	try_240	try_241	try_242	try_243	try_244	try_245	try_246	try_247	try_248	try_249	try_250	try_251	try_252	try_253	try_254	try_255	try_256	try_257	try_258	try_259	try_260	try_261	try_262	try_263	try_264	try_265	try_266	try_267	try_268	try_269	try_270	try_271	try_272	try_273	try_274	try_275	try_276	try_277	try_278	try_279	try_280	try_281	try_282	try_283	try_284	try_285	try_286	try_287	try_288	try_289	try_290	try_291	try_292	try_293	try_294	try_295	try_296	try_297	try_298	try_299	try_300	try_301	try_302	try_303	try_304	try_305	try_306	try_307	try_308	try_309	try_310	try_311	try_312	try_313	try_314	try_315	try_316	try_317	try_318	try_319	try_320	try_321	try_322	try_323	try_324	try_325	try_326	try_327	try_328	try_329	try_330	try_331	try_332	try_333	try_334	try_335	try_336	try_337	try_338	try_339	try_340	try_341	try_342	try_343	try_344	try_345	try_346	try_347	try_348	try_349	try_350	try_351	try_352	try_353	try_354	try_355	try_356	try_357	try_358	try_359	try_360	try_361	try_362	try_363	try_364	try_365	try_366	try_367	try_368	try_369	try_370	try_371	try_372	try_373	try_374	try_375	try_376	try_377	try_378	try_379	try_380	try_381	try_382	try_383	try_384	try_385	try_386	try_387	try_388	try_389	try_390	try_391	try_392	try_393	try_394	try_395	try_396	try_397	try_398	try_399	try_400	try_401	try_402	try_403	try_404	try_405	try_406	try_407	try_408	try_409	try_410	try_411	try_412	try_413	try_414	try_415	try_416	try_417	try_418	try_419	try_420	try_421	try_422	try_423	try_424	try_425	try_426	try_427	try_428	try_429	try_430	try_431	try_432	try_433	try_434	try_435	try_436	try_437	try_438	try_439	try_440	try_441	try_442	try_443	try_444	try_445	try_446	try_447	try_448	try_449	try_450	try_451	try_452	try_453	try_454	try_455	try_456	try_457	try_458	try_459	try_460	try_461	try_462	try_463	try_464	try_465	try_466	try_467	try_468	try_469	try_470	try_471	try_472	try_473	try_474	try_475	try_476	try_477	try_478	try_479	try_480	try_481	try_482	try_483	try_484	try_485	try_486	try_487	try_488	try_489	try_490	try_491	try_492	try_493	try_494	try_495	try_496	try_497	try_498	try_499	try_500	try_501	try_502	try_503	try_504	try_505	try_506	try_507	try_508	try_509	try_510	try_511	try_512	try_513	try_514	try_515	try_516	try_517	try_518	try_519	try_520	try_521	try_522	try_523	try_524	try_525	try_526	try_527	try_528	try_529	try_530	try_531	try_532	try_533	try_534	try_535	try_536	try_537	try_538	try_539	try_540	try_541	try_542	try_543	try_544	try_545	try_546	try_547	try_548	try_549	try_550	try_551	try_552	try_553	try_554	try_555	try_556	try_557	try_558	try_559	try_560	try_561	try_562	try_563	try_564	try_565	try_566	try_567	try_568	try_569	try_570	try_571	try_572	try_573	try_574	try_575	try_576	try_577	try_578	try_579	try_580	try_581	try_582	try_583	try_584	try_585	try_586	try_587	try_588	try_589	try_590	try_591	try_592	try_593	try_594	try_595	try_596	try_597	try_598	try_599	try_600	try_601	try_602	try_603	try_604	try_605	try_606	try_607	try_608	try_609	try_610	try_611	try_612	try_613	try_614	try_615	try_616	try_617	try_618	try_619	try_620	try_621	try_622	try_623	try_624	try_625	try_626	try_627	try_628	try_629	try_630	try_631	try_632	try_633	try_634	try_635	try_636	try_637	try_638	try_639	try_640	try_641	try_642	try_643	try_644	try_645	try_646	try_647	try_648	try_649	try_650	try_651	try_652	try_653	try_654	try_655	try_656	try_657	try_658	try_659	try_660	try_661	try_662	try_663	try_664	try_665	try_666	try_667	try_668	try_669	try_670	try_671	try_672	try_673	try_674	try_675	try_676	try_677	try_678	try_679	try_680	try_681	try_682	try_683	try_684	try_685	try_686	try_687	try_688	try_689	try_690	try_691	try_692	try_693	try_694	try_695	try_696	try_697	try_698	try_699	try_700	try_701	try_702	try_703	try_704	try_705	try_706	try_707	try_708	try_709	try_710	try_711	try_712	try_713	try_714	try_715	try_716	try_717	try_718	try_719	try_720	try_721	try_722	try_723	try_724	try_725	try_726	try_727	try_728	try_729	try_730	try_731	try_732	try_733	try_734	try_735	try_736	try_737	try_738	try_739	try_740	try_741	try_742	try_743	try_744	try_745	try_746	try_747	try_748	try_749	try_750	try_751	try_752	try_753	try_754	try_755	try_756	try_757	try_758	try_759	try_760	try_761	try_762	try_763	try_764	try_765	try_766	try_767	try_768	try_769	try_770	try_771	try_772	try_773	try_774	try_775	try_776	try_777	try_778	try_779	try_780	try_781	try_782	try_783	try_784	try_785	try_786	try_787	try_788	try_789	try_790	try_791	try_792	try_793	try_794	try_795	try_796	try_797	try_798	try_799	try_800	try_801	try_802	try_803	try_804	try_805	try_806	try_807	try_808	try_809	try_810	try_811	try_812	try_813	try_814	try_815	try_816	try_817	try_818	try_819	try_820	try_821	try_822	try_823	try_824	try_825	try_826	try_827	try_828	try_829	try_830	try_831	try_832	try_833	try_834	try_835	try_836	try_837	try_838	try_839	try_840	try_841	try_842	try_843	try_844	try_845	try_846	try_847	try_848	try_849	try_850	try_851	try_852	try_853	try_854	try_855	try_856	try_857	try_858	try_859	try_860	try_861	try_862	try_863	try_864	try_865	try_866	try_867	try_868	try_869	try_870	try_871	try_872	try_873	try_874	try_875	try_876	try_877	try_878	try_879	try_880	try_881	try_882	try_883	try_884	try_885	try_886	try_887	try_888	try_889	try_890	try_891	try_892	try_893	try_894	try_895	try_896	try_897	try_898	try_899	try_900	try_901	try_902	try_903	try_904	try_905	try_906	try_907	try_908	try_909	try_910	try_911	try_912	try_913	try_914	try_915	try_916	try_917	try_918	try_919	try_920	try_921	try_922	try_923	try_924	try_925	try_926	try_927	try_928	try_929	try_930	try_931	try_932	try_933	try_934	try_935	try_936	try_937	try_938	try_939	try_940	try_941	try_942	try_943	try_944	try_945	try_946	try_947	try_948	try_949	try_950	try_951	try_952	try_953	try_954	try_955	try_956	try_957	try_958	try_959	try_960	try_961	try_962	try_963	try_964	try_965	try_966	try_967	try_968	try_969	try_970	try_971	try_972	try_973	try_974	try_975	try_976	try_977	try_978	try_979	try_980	try_981	try_982	try_983	try_984	try_985	try_986	try_987	try_988	try_989	try_990	try_991	try_992	try_993	try_994	try_995	try_996	try_997	try_998	try_999	try_1000
100	43	43	50	44	49	50	46	46	44	50	42	47	48	42	39	53	47	54	47	43	52	41	49	46	44	53	48	41	46	48	44	45	46	42	47	45	48	52	42	44	45	54	40	53	44	47	49	41	45	44	47	45	52	41	43	51	43	48	45	43	51	48	45	48	45	49	45	42	43	52	49	48	47	39	46	47	50	55	42	40	50	46	41	43	45	47	50	40	43	47	52	49	42	48	47	52	48	47	48	43	45	51	40	50	45	42	41	48	46	45	46	48	48	48	41	44	52	48	48	51	42	46	47	50	46	49	46	43	46	40	46	43	44	50	45	43	44	47	44	43	50	50	50	39	49	47	44	53	45	43	41	45	42	50	47	53	43	48	44	42	43	41	49	49	43	38	47	49	45	41	45	39	46	43	48	49	37	52	42	47	48	43	45	48	54	50	42	44	39	40	45	48	42	42	45	48	48	45	51	46	47	52	52	45	47	44	48	44	46	40	48	46	44	46	51	44	45	48	48	44	48	45	42	50	39	45	46	53	49	50	44	53	43	44	50	45	36	45	41	41	46	44	48	44	46	46	36	47	51	50	44	41	51	46	43	42	56	56	46	44	51	49	49	52	40	48	50	44	49	44	47	43	46	44	45	38	49	43	50	43	42	52	41	45	40	43	47	46	51	49	41	45	50	49	47	43	48	43	45	43	55	41	45	46	51	45	45	41	43	51	44	45	39	53	44	41	44	49	49	47	45	52	42	47	49	47	54	43	45	47	49	44	46	45	43	42	45	41	46	47	50	44	43	53	47	42	52	42	48	43	52	43	48	47	44	55	46	41	58	43	44	44	45	40	46	51	53	47	43	53	48	46	41	48	46	45	46	49	46	43	42	43	51	43	48	36	42	42	48	42	50	51	46	41	48	50	44	41	45	39	41	48	46	44	49	46	43	45	55	50	46	47	44	44	48	48	43	45	49	47	48	43	50	47	45	42	50	47	49	49	46	51	43	44	44	42	41	43	49	40	40	51	51	49	48	46	44	41	47	49	40	50	53	44	44	49	43	47	50	46	47	38	44	46	39	40	46	42	41	49	43	42	51	46	54	43	42	50	42	42	50	44	46	47	48	43	41	40	44	44	45	42	46	48	48	48	44	52	39	48	49	43	52	41	50	56	55	45	44	53	50	42	49	47	44	44	45	45	48	41	44	47	49	48	48	42	47	42	46	46	51	44	50	41	45	45	45	49	38	41	49	52	42	45	49	54	47	52	46	48	47	45	50	41	43	45	44	47	44	42	44	51	43	41	48	50	43	46	42	45	48	48	51	49	51	48	48	45	49	53	43	45	43	52	46	41	48	43	41	42	45	46	43	46	48	44	52	43	46	44	48	39	43	52	44	45	45	47	49	44	50	44	47	47	54	46	50	45	46	42	53	50	49	48	49	43	46	45	47	43	50	49	45	42	47	47	46	50	42	47	40	47	44	43	42	47	44	46	43	45	47	47	48	38	45	45	49	46	48	48	41	48	48	44	42	48	46	47	43	49	45	46	50	45	47	47	49	50	47	47	43	46	50	46	49	48	47	42	57	42	46	48	47	44	42	43	48	41	47	44	47	49	53	45	49	48	44	43	44	48	50	44	46	40	54	46	54	42	48	50	49	48	48	46	46	53	50	50	47	41	48	45	50	44	49	46	51	44	47	52	43	52	44	47	51	50	49	41	47	49	46	49	44	46	42	48	47	45	42	46	44	45	51	38	54	40	48	44	40	43	42	49	41	42	46	48	44	39	46	41	50	44	45	49	47	47	46	47	44	47	48	45	49	43	45	42	52	44	47	48	58	49	44	50	44	50	45	46	52	44	50	43	45	48	46	49	46	49	43	50	43	47	46	44	48	46	45	47	45	49	49	44	57	45	46	46	52	43	53	50	44	49	45	42	48	49	46	48	53	41	46	48	45	48	50	43	50	47	43	48	47	47	41	48	47	41	47	42	47	44	50	47	47	50	43	36	41	43	48	52	47	49	39	50	49	50	50	48	38	49	46	49	45	46	43	46	45	46	48	45	43	45	41	48	55	48	52	50	50	46	45	55	46	45	50	47	51	46	48	36	44	45	44	49	41	45	43	40	51	48	47	47	50	45	48	51	47	44	55	45	48	48	52	47	48	43	46	54	56	51	47	46	46	47	50	44	48	46	50	41	44	44	51	42	47	41	54	44	42	50	46	45	46	44	43	47	50	44	53	47	54	44	44	51	42	52	43	51	47	46	46	48	44	45	43	45	45	50	49	44
200	66	59	63	65	70	62	69	58	66	72	67	72	68	67	59	70	65	64	64	66	66	70	69	70	75	70	72	67	67	65	69	73	69	62	64	76	62	72	64	75	65	63	66	70	70	64	69	66	67	67	64	67	65	66	58	63	74	65	69	70	63	65	67	75	63	75	70	70	72	76	66	68	69	67	73	61	71	62	65	64	66	67	65	64	67	62	70	72	61	66	61	60	64	62	71	64	65	63	69	71	59	63	69	64	69	69	68	70	69	63	63	65	67	68	69	67	61	75	74	70	61	66	71	65	69	69	67	58	65	58	66	57	66	64	66	68	66	72	67	74	69	68	63	65	65	67	66	68	68	62	66	65	67	70	64	63	68	62	65	64	63	63	72	74	59	65	58	73	60	58	64	60	63	63	64	71	63	61	59	62	67	71	67	62	70	71	70	70	66	71	67	61	73	72	62	64	67	68	63	67	60	66	57	71	72	64	60	65	66	75	68	66	67	65	66	66	65	68	64	60	67	67	65	66	72	73	68	62	61	63	71	68	63	62	64	72	65	70	63	61	73	71	61	63	68	62	62	71	72	61	68	62	65	65	67	73	71	60	65	69	73	68	70	70	74	58	66	73	67	74	65	69	64	69	65	67	67	61	70	73	72	66	55	63	73	62	66	66	66	67	70	65	66	68	62	61	62	65	72	61	64	69	67	66	71	62	66	62	61	64	71	71	69	64	69	66	61	67	67	71	74	65	73	73	67	62	65	68	69	74	67	64	74	65	62	64	65	62	69	69	70	73	74	63	62	66	70	73	66	62	60	66	62	64	71	74	69	69	72	63	65	61	66	69	71	76	63	67	68	61	69	62	72	72	69	59	67	61	75	65	66	70	72	68	72	73	69	71	69	58	63	67	61	55	67	65	68	74	70	68	69	69	64	66	67	60	64	71	69	65	63	67	60	65	64	67	66	73	60	68	74	68	72	64	75	66	68	62	65	64	66	56	63	63	62	61	66	69	69	57	62	71	76	68	65	70	70	66	75	68	72	67	67	72	62	73	71	60	70	76	61	66	65	66	68	60	70	57	66	69	63	68	72	64	70	65	64	60	68	69	67	62	68	68	67	68	69	65	64	69	61	67	74	64	74	68	64	71	67	70	66	61	64	56	66	58	70	57	57	62	67	66	63	63	69	66	65	71	63	62	62	71	65	63	71	65	59	68	73	62	64	72	64	68	74	70	68	68	70	71	72	69	69	67	68	63	67	62	62	68	67	72	67	69	74	69	63	71	71	72	66	68	77	62	60	65	67	73	64	70	74	73	65	67	59	73	68	70	71	69	59	68	73	67	70	64	71	67	62	63	65	67	66	62	68	70	61	62	68	69	66	70	64	65	66	63	66	66	75	64	69	66	65	72	67	70	65	64	64	66	67	64	73	68	74	67	71	71	58	68	70	70	63	67	68	61	68	61	55	68	70	64	58	63	68	63	62	58	67	68	65	69	69	75	67	71	63	58	66	69	65	58	77	68	69	65	70	70	69	63	59	67	69	65	68	67	71	65	64	56	62	71	69	74	67	68	69	66	65	62	67	64	73	74	62	68	60	70	68	72	67	71	69	58	73	72	71	72	74	66	66	65	66	68	62	63	64	64	71	73	71	65	71	64	71	67	67	63	56	72	53	59	63	67	61	62	63	71	66	69	72	58	66	68	66	75	68	67	64	72	65	77	62	64	60	70	64	62	64	69	71	69	64	65	67	65	63	74	69	71	68	69	73	61	69	73	64	60	68	67	66	62	65	57	71	69	66	63	71	70	60	66	66	65	62	59	68	63	71	66	67	60	74	65	68	66	66	61	64	69	68	70	65	66	61	60	63	67	65	66	62	73	66	68	66	60	65	73	64	68	68	75	70	66	64	61	69	62	65	68	65	64	64	61	69	67	63	59	75	66	64	63	62	75	64	66	71	68	63	59	71	61	65	72	65	64	68	71	82	68	64	71	70	74	65	64	65	68	67	66	70	69	71	60	65	71	63	66	62	66	70	67	68	72	67	67	65	70	69	67	60	68	61	60	64	65	63	67	60	73	69	66	67	60	69	66	72	65	69	65	64	69	65	74	72	68	70	64	65	69	67	67	70	72	64	70	67	69	65	64	73	70	65	62	67	62	68	67	73	63	66	69	68	63	71	68	66	68	64	67	68	60	66	67	59	64	62	60	66	69	67	60	66	67	64	73	68	69	65	74	65	63	69	66	76	69	71	67	64	72	68	68	61	60	69	63	71	68	66	63
300	81	87	79	77	74	79	79	75	85	79	82	87	88	81	83	78	86	81	79	74	81	81	73	83	79	78	81	75	81	77	81	79	84	79	83	81	80	72	81	83	80	81	78	76	77	65	72	81	78	71	82	81	81	80	82	74	81	85	85	82	80	82	79	80	82	75	81	78	73	81	86	85	85	81	76	78	70	78	71	81	83	74	81	82	87	83	80	82	84	82	75	82	85	79	79	86	79	86	80	74	81	82	79	74	77	81	79	91	75	82	79	81	77	73	82	84	75	88	78	82	79	78	81	82	79	86	87	84	78	79	78	80	95	82	82	72	82	85	73	84	87	79	89	80	84	77	79	87	79	77	73	85	87	81	79	77	74	77	78	80	84	80	72	78	83	78	77	71	84	81	78	80	83	77	80	79	81	79	77	79	80	73	75	80	74	75	80	84	74	74	81	87	79	85	80	82	74	75	77	79	79	83	76	74	83	78	73	78	77	83	74	79	82	83	80	79	77	82	80	75	79	75	79	86	79	81	81	85	78	89	75	83	83	86	81	81	83	76	76	77	81	84	77	74	78	74	78	80	74	76	77	79	83	84	87	83	80	85	81	77	78	78	75	80	78	74	81	77	87	79	84	78	83	86	86	76	82	68	79	70	82	78	83	74	86	80	80	81	82	88	75	77	84	85	73	66	84	80	72	81	77	71	81	77	89	78	81	84	71	72	79	85	88	78	82	84	74	81	80	87	71	79	90	82	77	82	73	80	86	83	81	84	78	78	77	76	82	86	79	85	76	82	80	87	80	76	81	77	73	83	83	83	84	85	79	78	81	84	68	75	86	77	81	77	83	85	93	78	80	78	82	76	80	76	72	80	80	76	78	86	77	87	87	84	82	79	81	78	77	80	78	68	83	79	78	87	86	77	85	80	78	80	85	86	75	88	73	85	77	86	83	86	79	89	89	84	82	84	81	79	76	80	77	77	72	77	79	74	76	80	73	80	69	84	82	83	77	79	83	82	72	79	80	80	77	85	85	83	82	87	85	75	88	84	86	72	77	75	75	76	78	81	78	77	83	76	73	78	72	82	79	80	86	83	83	86	73	84	81	73	79	82	79	83	79	79	80	78	84	77	70	88	82	82	81	81	82	82	86	76	78	75	78	86	80	78	77	76	77	82	84	80	77	78	87	78	75	83	79	78	78	82	80	76	79	78	78	80	74	89	84	88	80	77	81	80	82	72	84	75	75	79	84	89	79	78	82	79	78	78	86	87	88	84	78	81	82	81	80	76	78	82	74	84	77	74	87	83	82	76	81	79	68	86	71	76	78	86	76	82	80	70	77	80	80	76	81	76	85	84	87	78	82	72	75	74	80	80	77	75	75	77	80	76	84	86	84	88	80	78	74	77	79	82	83	79	88	81	79	84	79	77	82	83	77	80	80	82	82	82	76	88	82	75	82	79	88	76	76	77	79	88	77	73	82	80	74	87	77	78	93	76	79	75	80	78	78	76	82	82	73	82	78	81	86	77	76	89	75	73	78	74	84	73	75	71	77	80	84	80	82	80	78	89	77	79	81	81	79	82	81	76	78	78	79	84	79	89	82	70	76	78	81	82	74	82	79	80	78	83	77	83	82	87	76	81	76	81	78	81	77	86	71	80	89	76	70	77	85	90	79	76	79	73	81	88	82	79	81	74	73	71	72	79	81	88	74	80	88	80	78	81	81	74	87	83	75	72	79	78	87	83	84	73	86	87	78	86	87	79	78	71	78	79	84	84	81	80	81	88	82	87	79	80	83	85	76	88	75	71	78	87	82	87	81	78	88	82	70	75	81	84	81	81	81	85	80	77	79	77	77	84	79	89	76	78	78	85	84	81	75	85	77	77	95	77	79	75	79	84	86	71	71	74	84	70	71	80	76	81	82	83	75	75	74	86	69	81	84	88	75	75	83	77	75	73	82	84	86	87	83	83	83	74	85	76	82	76	81	84	75	81	80	87	82	83	76	75	82	75	80	79	83	80	88	78	80	77	67	81	88	84	82	70	77	80	82	80	77	83	82	82	73	87	86	80	77	81	77	81	80	83	79	78	79	85	82	85	82	82	80	78	78	82	77	75	76	91	85	74	81	80	81	88	83	80	78	70	84	82	72	78	80	87	77	87	74	87	86	78	81	76	89	85	86	85	79	79	77	86	82	85	77	78	80	78	81	83	87	82	77	74	85	76	81	78	76	78	89	80	82	75	86	78	82	80	84	81	78	79	83	71	84	81	85	79	77	74	81	72
400	87	91	86	90	81	93	94	88	95	86	94	93	93	88	86	93	90	87	91	95	90	95	92	90	88	88	91	93	88	90	87	82	88	87	92	98	101	86	94	90	84	91	91	93	87	91	85	83	88	91	88	92	94	93	86	92	93	89	88	90	95	91	87	93	98	95	94	84	94	94	93	95	89	89	91	88	92	94	90	92	91	99	92	95	99	97	95	84	88	97	88	89	89	98	89	94	90	90	88	90	93	85	88	80	86	94	97	87	80	86	90	93	88	89	90	87	87	92	91	96	84	96	89	84	88	85	87	91	94	90	86	89	85	81	98	91	94	83	86	93	90	91	82	84	96	85	93	90	90	99	90	93	89	96	93	87	88	88	88	93	90	80	89	87	95	90	92	88	88	82	84	93	82	94	86	86	92	99	90	95	88	94	88	85	91	88	88	95	96	84	93	86	94	93	90	89	87	94	91	80	93	92	86	91	94	88	82	87	85	81	88	81	88	89	82	85	93	86	92	94	84	86	94	96	93	83	87	85	101	87	95	89	90	85	94	87	93	94	87	88	92	92	91	84	93	82	88	85	91	88	95	89	93	91	86	83	85	87	97	93	90	93	85	83	90	89	86	100	94	97	89	87	91	94	88	90	93	90	96	95	87	87	97	93	91	89	85	90	84	90	91	97	86	85	85	92	88	85	93	97	83	88	91	89	92	88	95	82	99	86	92	94	89	96	92	94	90	90	93	88	88	88	90	90	87	94	96	94	89	85	85	94	91	86	91	85	88	90	90	90	93	88	89	95	95	92	88	90	93	93	83	92	87	99	97	90	87	91	96	85	88	88	91	91	97	88	84	89	85	95	96	99	90	86	97	95	86	98	96	88	93	90	95	89	93	85	97	86	88	92	94	101	92	96	89	96	91	90	81	85	89	89	87	86	88	99	95	88	85	87	91	81	94	92	91	93	85	87	89	92	91	91	89	86	90	94	91	92	92	94	85	90	92	92	87	83	90	91	86	90	87	87	95	95	92	85	93	91	90	85	88	93	86	86	86	94	94	86	96	86	85	87	94	95	86	88	88	94	86	87	89	92	83	87	91	87	91	95	95	95	85	89	99	95	88	94	90	92	87	93	99	95	87	88	86	97	94	85	89	95	90	83	90	92	95	91	94	96	87	92	94	81	95	90	99	89	102	89	85	94	94	92	91	89	85	89	84	94	100	89	82	92	93	96	86	90	92	86	98	85	89	96	89	93	74	91	88	84	88	87	89	89	93	90	90	91	85	99	93	84	90	86	90	91	96	92	103	90	93	96	90	89	92	90	89	90	88	86	95	90	82	98	94	97	91	92	91	90	84	101	81	96	91	93	84	98	92	98	86	92	89	97	90	86	84	87	82	87	101	82	82	97	88	86	81	89	98	88	89	88	99	83	90	84	93	88	81	95	93	88	93	93	92	86	82	98	93	89	90	86	91	97	90	96	93	86	93	89	88	91	89	91	87	91	87	99	95	82	91	90	102	89	86	79	93	93	89	83	92	90	90	89	89	91	85	86	92	90	95	86	91	95	90	91	89	95	96	94	87	89	83	90	86	83	99	90	92	91	84	89	95	90	89	84	86	93	97	82	93	86	97	91	87	94	89	84	89	88	98	94	90	88	94	92	92	95	94	87	90	92	88	85	93	86	86	96	88	90	95	94	81	89	89	82	92	89	90	93	88	92	90	86	84	93	95	88	86	89	86	89	86	89	90	102	89	98	95	85	84	87	92	87	99	86	80	90	95	90	84	86	90	94	96	83	91	82	91	89	83	95	91	88	85	92	93	87	92	91	89	91	92	99	94	99	89	86	90	85	91	93	100	84	89	90	87	84	81	85	100	87	89	91	88	84	90	94	90	92	93	86	95	94	91	94	88	98	96	93	88	91	91	98	86	83	90	90	90	94	89	98	91	97	83	89	84	91	97	94	98	103	97	87	82	89	92	87	90	91	87	91	86	78	91	93	89	100	92	97	88	82	94	87	92	96	94	77	84	89	90	88	90	92	95	98	89	93	90	82	89	94	87	89	96	91	80	96	97	92	86	85	83	84	87	83	89	92	89	88	91	88	93	95	100	95	92	82	92	90	83	83	91	84	87	86	94	84	104	91	92	84	82	98	87	94	89	97	88	85	95	86	91	94	84	84	89	95	90	92	91	79	91	91	96	98	86	90	86	86	86	98	96	98	87	92	92	89	89	93	94	92	96	97	86	86	92	92	87	90	96	87	89	93	96	88	82	90	96	85	93	87
500	100	107	100	101	100	92	98	94	88	103	98	98	100	98	93	97	98	97	100	97	92	91	93	104	100	93	102	101	99	101	108	101	92	99	96	100	93	98	100	95	97	94	94	99	98	105	99	101	94	100	100	99	93	105	94	99	107	102	94	99	101	100	99	101	112	92	98	93	95	96	98	103	97	96	99	90	95	101	94	94	88	105	88	91	100	95	101	86	97	83	99	95	105	98	96	91	95	99	97	97	95	100	101	98	99	95	102	98	99	95	96	93	96	105	97	98	94	101	100	106	103	96	100	97	100	88	97	95	95	98	101	101	97	97	90	106	98	96	100	99	92	95	93	98	95	96	97	107	94	89	91	103	103	94	98	88	94	102	95	103	101	91	95	93	91	98	90	91	95	94	96	94	99	100	103	101	105	104	100	103	103	92	95	106	101	96	98	98	98	93	94	93	102	92	100	103	94	99	99	104	95	102	100	107	109	101	99	98	98	91	98	96	97	99	104	96	99	102	99	99	97	100	92	99	103	105	88	89	106	89	95	100	99	98	100	95	98	90	104	100	102	103	100	103	93	96	100	95	104	98	109	101	95	95	104	95	101	97	104	103	104	94	94	97	100	89	102	88	91	93	96	101	92	88	103	93	100	98	99	100	107	98	103	95	97	106	102	88	99	101	95	105	103	107	98	105	91	97	106	98	101	97	97	93	99	93	103	96	96	103	95	106	96	95	95	97	103	102	104	100	100	95	95	99	104	99	102	92	98	97	99	97	102	99	95	104	107	98	99	100	96	99	94	110	94	94	100	96	98	99	101	97	95	97	104	96	104	96	98	91	96	96	99	97	99	101	91	93	98	99	93	105	97	99	98	98	85	93	90	93	105	97	108	93	99	89	100	100	99	99	107	99	99	99	94	99	101	107	106	98	104	91	99	102	97	104	95	106	104	98	92	106	98	94	102	105	97	96	102	97	96	103	94	98	99	93	108	107	90	100	102	94	101	93	96	105	98	94	102	101	96	104	108	95	99	96	98	102	90	94	98	106	100	103	91	101	98	100	90	107	100	101	102	87	100	87	98	99	94	102	98	97	96	99	91	97	95	95	97	93	96	95	101	100	103	98	99	100	100	101	90	90	89	110	98	95	94	101	100	101	101	97	91	99	88	110	93	95	101	98	99	93	100	106	100	99	102	96	101	98	97	99	101	88	105	94	109	95	96	98	96	96	97	103	97	98	96	104	106	91	88	99	100	103	97	90	101	97	99	111	95	101	101	100	101	88	89	93	95	104	99	100	99	99	100	94	97	105	104	100	95	94	96	100	94	99	101	92	97	105	100	99	99	95	99	102	101	92	100	100	104	106	97	91	93	90	100	105	100	95	98	103	100	101	94	98	92	106	95	98	97	90	102	95	96	99	91	108	97	95	103	97	100	92	103	101	96	89	99	93	94	102	97	98	98	99	102	92	99	94	101	88	99	102	108	101	94	97	93	105	94	101	92	98	99	98	101	93	97	91	92	98	104	99	97	101	95	94	100	106	95	106	97	95	103	101	98	99	92	93	94	101	94	94	101	101	93	94	93	106	85	91	100	95	96	98	91	99	95	92	100	107	105	104	94	100	90	96	94	107	92	96	100	98	95	93	98	98	88	99	100	100	100	100	98	94	101	103	104	103	102	96	97	86	98	105	97	97	90	92	97	94	88	89	102	101	92	101	90	96	94	96	102	104	103	106	85	95	91	106	99	102	103	94	99	104	96	99	101	107	97	102	96	99	106	97	96	100	101	109	99	93	106	96	103	96	101	95	98	107	100	96	99	103	91	100	103	87	102	93	98	95	94	98	96	98	94	97	102	92	94	95	97	99	93	100	97	93	103	86	98	94	107	101	101	93	96	100	99	97	95	97	103	99	97	98	98	101	96	98	96	104	97	96	95	104	96	92	102	99	98	93	93	100	94	97	101	96	94	93	101	92	106	103	97	104	92	92	96	98	104	94	103	96	96	96	98	94	91	100	98	99	98	97	99	101	95	92	98	93	92	98	100	99	102	97	96	93	97	94	93	98	98	101	89	101	92	100	104	95	105	95	101	97	105	100	97	91	98	101	97	98	97	97	94	98	97	101	96	90	98	102	92	95	102	94	91	91	102	99	91	103	94	96	105	99	99	94	97	100	102	98	95	97	102	104	105	98	99	95	94	96	91	98	94	93	99	105	102	93	106	91	92	102	101	97	95	94	95	98	97	95	93	104	94	100	104	95	91	99	98	95	99	94	101	102	103	99	98	102
600	97	108	108	108	103	103	109	108	100	99	103	111	107	108	104	101	102	108	105	110	102	101	99	99	107	105	109	100	106	108	112	104	112	102	104	104	111	93	106	101	111	103	96	104	103	101	109	99	100	102	99	111	106	94	104	106	107	101	100	108	100	104	108	94	94	100	103	91	105	108	104	102	101	108	106	99	102	100	101	103	102	108	98	102	100	106	105	103	103	101	100	98	109	102	110	106	100	109	97	103	108	104	103	102	105	104	108	98	103	107	104	101	98	104	99	106	98	100	96	104	105	103	107	104	107	102	100	106	106	105	96	110	112	111	103	97	111	106	108	108	104	110	99	109	106	101	102	111	98	99	103	104	97	106	95	98	107	104	102	106	102	105	104	107	112	99	110	100	106	106	113	111	101	107	100	105	96	101	103	103	104	107	108	97	98	90	108	109	103	95	107	110	105	100	94	108	100	104	98	100	99	101	106	108	98	108	100	104	100	106	106	112	104	103	103	105	101	105	105	106	96	100	106	108	106	93	103	116	101	97	108	106	95	105	110	101	100	105	91	109	104	111	100	103	98	99	109	108	104	109	108	97	103	97	107	108	102	101	104	106	113	98	103	102	104	97	102	114	101	113	105	98	102	107	101	111	104	106	110	106	103	109	101	98	106	98	109	103	104	103	107	113	104	104	97	106	101	97	108	103	119	107	106	107	103	109	99	103	108	99	108	106	100	106	106	105	106	104	99	105	106	107	99	100	102	108	98	106	104	102	109	110	98	102	99	114	103	102	112	106	105	98	109	101	110	100	109	103	103	105	97	105	107	103	105	95	109	99	101	110	105	99	104	96	107	100	101	107	100	103	100	107	110	103	113	107	99	106	98	104	101	115	107	103	106	102	109	102	100	105	99	101	100	106	103	105	103	104	96	114	107	105	98	104	107	97	104	107	103	107	110	110	104	100	109	101	100	98	97	109	96	95	102	101	100	104	101	103	101	99	105	98	101	103	102	97	100	105	102	97	98	101	109	107	105	104	109	111	104	107	114	110	104	100	111	98	95	113	100	107	103	104	96	107	102	107	109	98	103	101	106	107	105	114	107	115	104	104	103	102	112	98	103	106	100	102	108	101	105	113	107	101	99	106	100	108	101	104	102	103	101	103	103	110	104	95	104	99	108	106	102	105	109	99	94	97	99	104	111	104	103	97	102	102	99	106	97	106	109	102	107	107	102	104	103	105	110	108	105	103	105	113	109	105	97	105	97	114	108	107	113	110	106	108	104	95	99	106	105	109	96	114	99	108	97	96	103	107	106	98	103	106	96	100	103	102	111	108	104	104	101	112	101	102	91	106	105	108	110	103	105	105	108	110	107	102	103	106	93	103	103	109	112	105	100	104	102	98	105	108	101	110	107	101	107	102	105	104	102	105	107	106	102	100	100	101	106	100	99	101	105	105	103	88	105	109	105	101	100	103	98	98	106	106	106	112	108	99	108	96	105	105	108	106	105	103	99	106	106	106	109	101	101	100	103	101	109	110	103	106	106	101	101	103	95	102	95	104	103	101	111	112	107	102	102	106	107	102	107	96	105	112	106	104	106	98	111	101	108	110	103	104	101	107	105	97	100	98	108	108	99	103	107	110	112	108	106	106	104	109	110	101	102	99	98	109	95	97	107	95	103	104	106	105	98	110	101	105	98	105	98	100	106	98	102	104	108	98	101	110	97	103	101	99	103	99	95	109	100	104	104	103	102	111	108	110	105	97	113	104	103	95	95	106	108	101	108	105	114	100	105	106	104	105	107	107	102	104	105	107	105	97	106	102	101	110	108	111	101	104	101	112	103	111	101	99	107	104	103	99	106	114	106	106	111	94	103	101	99	105	98	108	104	105	100	101	103	102	112	107	105	105	96	99	101	109	103	98	105	99	103	99	100	106	98	111	107	108	103	105	105	103	108	101	107	100	106	103	99	106	108	119	102	105	93	99	98	109	102	107	112	99	107	104	100	101	105	105	103	104	114	104	104	111	108	103	96	101	111	102	112	105	99	104	110	103	104	111	105	105	104	97	107	105	104	107	112	110	107	108	106	105	109	105	102	99	97	108	107	104	108	106	95	101	113	106	107	113	108	98	101	99	101	100	100	104	109	105	105	104	101	101	104	97	95	106	101	96	101	104	103	99	107	101	96	106	100	103	110	97	108	113	108	100	108	105	104	107	107	102	109	99	106	109	109	97	102	108	106	109	99	105	108	97	103	105	101	102	112	105	108	108	105	100	106	106	110	101	107	104
700	114	113	112	104	114	119	111	110	106	108	112	108	106	110	111	113	108	117	107	111	109	113	113	110	113	96	105	111	115	111	113	106	107	109	112	111	107	119	113	110	97	110	108	103	106	105	102	104	118	113	106	118	111	113	107	105	106	117	105	113	105	115	111	105	114	111	105	106	107	102	106	111	106	120	113	114	113	106	113	114	117	114	114	110	117	104	97	103	104	108	106	104	110	101	113	115	108	114	111	104	110	109	102	112	106	112	116	102	109	105	109	117	109	112	110	113	109	113	107	111	108	111	116	117	104	115	101	105	111	108	116	112	105	111	112	107	108	109	112	107	113	112	102	102	107	106	105	107	113	112	111	104	114	117	113	109	111	106	114	102	108	106	104	108	109	113	109	110	110	110	108	122	104	111	102	114	109	104	105	108	112	106	108	111	105	114	103	111	110	105	106	112	112	108	105	107	107	106	116	104	101	102	114	111	108	112	114	114	103	108	106	108	111	105	114	106	113	115	116	104	106	112	112	115	105	110	109	111	99	113	104	110	112	102	123	106	110	105	111	114	112	112	113	109	101	102	109	112	108	110	101	113	107	106	114	116	109	109	107	103	109	110	102	98	102	104	103	106	115	102	104	108	108	105	106	118	115	105	105	110	104	111	109	109	108	101	104	106	105	104	107	112	112	101	113	104	107	97	103	109	109	108	114	110	110	96	105	107	101	107	109	105	113	113	113	107	112	108	116	113	108	115	106	108	117	112	106	104	115	105	108	106	116	110	108	109	106	118	100	110	110	107	103	102	110	114	111	113	112	108	104	112	110	118	108	107	100	111	112	98	107	111	111	103	104	108	112	114	115	111	105	109	115	105	102	115	112	106	103	115	105	104	109	115	119	102	108	106	111	113	108	108	108	100	106	105	106	101	116	110	113	110	114	110	112	109	117	109	106	107	94	113	106	116	111	118	111	102	107	109	114	116	111	99	108	109	112	111	107	110	122	107	111	108	104	111	109	110	110	116	110	108	116	109	101	106	101	115	116	110	103	116	112	112	107	103	110	110	102	98	115	106	105	112	107	112	112	110	108	114	109	103	113	115	109	115	108	103	114	108	111	104	110	107	118	107	106	112	104	115	108	103	114	108	117	104	105	104	104	101	109	101	105	105	109	107	114	105	107	102	117	109	111	105	111	112	111	110	110	114	105	110	109	114	110	113	110	111	108	105	115	112	108	114	110	105	107	108	111	109	108	103	107	108	110	110	117	104	109	108	116	102	115	111	104	112	109	110	110	103	102	110	106	108	107	102	116	110	108	109	109	112	112	108	107	109	107	111	109	103	110	113	104	109	97	105	107	109	109	112	112	109	113	110	105	112	113	109	115	106	113	118	113	107	104	105	109	97	108	123	102	110	108	108	105	109	106	117	118	108	109	105	108	107	110	110	105	110	107	108	108	115	106	105	112	109	105	102	107	113	105	106	109	109	101	112	109	106	110	107	109	115	112	102	105	107	120	106	102	111	114	115	103	109	105	116	103	107	118	106	112	107	100	114	109	104	111	110	107	107	108	99	109	120	112	97	112	106	101	104	111	107	113	114	113	100	105	117	112	109	113	107	117	108	108	111	110	107	109	112	108	117	112	119	110	105	110	113	113	110	110	101	103	110	109	110	108	107	104	99	110	109	108	107	109	119	110	112	106	113	117	110	108	112	103	111	105	108	111	109	118	108	114	108	111	118	113	105	105	110	102	105	112	110	108	105	108	113	114	114	111	106	101	113	108	110	104	121	103	107	112	114	111	119	99	111	112	119	102	112	108	112	108	104	111	107	115	108	111	106	109	115	119	111	113	108	108	109	103	106	103	111	109	110	106	95	105	112	110	116	104	113	112	109	115	107	115	110	107	111	111	99	110	105	107	102	101	109	105	110	101	108	118	110	102	116	107	117	105	115	110	108	111	112	109	116	113	116	114	104	103	109	106	102	114	107	106	112	111	102	117	109	106	106	109	113	105	114	108	119	110	107	109	107	110	110	109	105	112	118	117	105	104	120	100	104	103	103	105	103	111	110	117	112	108	110	106	110	102	106	115	108	113	110	107	112	105	106	113	107	114	113	112	107	105	110	110	102	109	113	106	109	109	97	110	105	111	114	109	118	110	101	101	109	109	117	111	108	111	103	112	111	110	101	110	103	112	109	99	102	115	102	122	111	111	109	111	112	103	111	103	103	110	111	105	109	110	105	108	108	108	125	106	106	110	114	110	111	106	103	110	109	114	118	106	109	118	116	108	103
800	118	113	116	114	115	115	126	113	102	111	116	113	118	113	117	113	116	108	111	108	109	106	111	115	113	114	109	116	112	120	118	111	113	113	114	119	118	114	105	116	109	106	117	106	107	116	109	107	115	120	119	116	117	118	113	117	111	111	108	121	116	115	120	110	108	118	111	111	121	118	114	114	113	113	110	107	108	108	110	110	114	111	113	108	107	114	123	114	114	109	118	106	107	123	119	111	114	110	117	117	113	112	114	103	109	116	115	118	122	112	116	111	118	112	120	114	108	117	118	120	115	118	107	117	117	114	114	117	111	122	118	106	108	111	112	108	107	110	120	121	109	104	111	108	112	122	113	111	115	119	104	113	106	108	106	102	115	113	117	110	115	118	117	112	114	117	112	113	110	114	114	120	101	113	119	115	113	120	110	117	104	122	111	127	109	108	115	111	107	107	108	110	109	112	116	117	112	108	111	108	112	113	114	113	116	113	116	119	114	109	118	109	116	113	114	112	118	111	117	116	111	105	114	123	113	111	111	111	119	113	111	114	111	116	125	111	110	116	103	111	111	116	117	116	113	112	119	115	113	111	118	115	117	111	113	112	115	113	112	116	107	122	123	110	124	115	114	116	114	114	113	116	116	114	110	112	113	114	113	115	119	117	118	112	118	112	130	118	114	115	106	119	113	113	108	110	113	118	125	109	110	119	114	117	110	118	111	121	113	120	111	111	118	116	110	110	106	105	110	117	110	119	123	125	113	114	120	110	115	113	118	112	108	105	116	113	120	116	115	107	116	115	117	111	113	120	119	113	108	119	106	114	114	113	107	110	115	115	114	114	109	117	112	118	109	110	121	118	115	115	113	110	112	118	109	114	116	116	122	104	114	119	113	119	111	114	114	113	112	111	111	110	107	111	112	117	114	116	115	116	121	119	120	108	124	119	109	114	107	113	115	119	118	111	115	113	116	113	114	114	109	113	119	120	118	112	112	120	119	114	111	122	104	107	114	112	113	115	111	110	116	109	114	117	110	121	105	109	107	109	112	111	111	109	116	121	110	115	115	114	112	115	112	113	109	116	111	113	115	117	110	108	118	109	116	114	119	116	117	115	111	105	111	116	119	116	107	117	107	108	121	107	118	110	117	113	110	113	116	111	114	117	107	116	116	115	121	116	113	113	112	115	110	108	116	120	114	103	119	119	121	111	112	111	109	114	110	113	111	115	118	123	106	116	113	119	108	109	116	110	113	110	117	113	115	117	107	120	114	118	113	108	115	113	108	119	119	117	116	105	116	123	113	115	117	107	110	114	104	113	111	114	110	115	122	108	120	107	113	114	109	113	113	111	110	118	121	117	110	113	111	119	109	111	118	111	114	102	111	114	109	109	109	114	106	116	118	117	108	121	119	116	113	117	120	104	113	112	116	114	115	121	118	108	110	117	114	114	103	118	116	114	118	118	117	112	113	104	118	115	111	109	110	118	113	113	113	115	121	113	105	107	118	119	113	114	117	112	114	122	119	113	114	113	115	109	115	113	109	112	110	117	115	117	121	118	115	116	118	112	115	109	114	116	114	113	110	109	117	119	116	120	120	114	104	116	118	114	117	107	111	113	104	111	113	115	114	117	113	105	111	116	120	111	106	120	105	113	111	110	104	114	117	118	112	121	119	114	122	111	113	113	112	113	110	116	119	123	113	116	116	112	111	121	116	113	112	109	110	114	118	108	107	120	115	114	112	106	111	108	116	120	123	111	112	129	115	123	109	110	103	115	107	116	114	117	112	119	118	110	112	119	109	114	115	106	121	118	115	111	106	122	119	115	125	110	109	116	104	113	110	118	115	115	112	119	116	123	114	109	106	115	116	115	118	110	108	119	112	121	115	119	113	116	113	114	111	118	112	110	114	118	113	112	117	119	110	108	107	115	113	121	111	108	116	109	109	112	118	119	118	117	114	111	111	106	116	109	117	107	123	120	116	123	114	115	111	113	111	112	111	111	111	111	106	118	109	113	114	116	112	118	114	108	111	109	118	110	107	119	116	117	110	115	110	113	112	113	109	111	105	110	112	114	118	110	118	118	114	115	114	118	117	110	108	106	109	121	116	111	111	109	110	113	113	120	104	118	111	109	117	117	114	116	113	112	120	124	106	115	113	109	116	115	113	112	111	115	118	117	109	113	118	107	108	110	115	111	108	120	111	115	117	115	115	116	112	116	111	125	112	114	115	116	111	112	110	119	118	111	113	120	121	121	111	120	115	121	116	109	116	125	118	112	111	113	111	117	114	116
900	117	117	113	112	111	124	118	117	112	114	111	119	123	119	125	118	121	119	122	116	126	117	111	113	109	116	113	121	121	118	124	128	118	113	117	115	118	114	117	121	121	115	115	115	114	123	112	116	121	120	116	121	123	118	111	112	117	121	111	116	121	119	118	115	117	125	114	106	123	111	128	118	119	117	120	115	116	116	110	116	120	120	122	121	117	127	128	120	121	119	113	114	115	118	111	117	117	121	120	116	115	119	116	115	119	119	125	118	123	118	109	124	118	115	122	123	120	113	117	122	118	114	113	118	125	123	123	115	121	124	108	115	124	116	109	111	122	121	119	116	111	119	116	115	116	111	117	119	116	115	122	113	118	121	118	112	112	117	121	111	123	113	121	118	116	118	119	112	119	116	114	117	114	124	116	127	113	110	119	122	121	124	110	119	124	109	120	121	120	119	115	118	128	112	116	114	107	113	113	117	118	125	114	115	123	121	119	113	119	120	123	115	122	116	113	122	114	120	119	128	121	117	114	116	119	123	114	116	119	128	119	121	115	120	113	123	122	122	119	123	122	113	118	118	115	115	114	118	105	123	118	117	119	118	112	118	112	118	119	113	113	121	112	115	129	119	118	111	118	116	121	118	118	117	121	123	121	115	115	113	121	115	121	114	116	120	122	120	114	114	118	120	121	116	118	117	116	119	118	115	114	112	121	118	124	114	112	112	115	116	118	122	113	111	119	124	117	119	117	118	118	121	122	121	114	122	121	113	116	116	120	110	117	123	118	120	114	117	119	108	117	111	124	115	117	120	118	122	110	119	121	120	113	107	117	109	115	113	115	124	121	115	122	113	124	121	123	118	117	127	109	115	113	111	120	116	115	126	115	120	121	118	115	125	117	115	109	117	127	118	116	117	118	118	116	126	121	117	112	113	122	112	120	114	118	119	117	115	113	115	116	116	123	121	122	116	114	114	123	119	117	120	116	115	122	125	119	118	117	120	113	120	117	119	113	116	125	124	114	128	113	119	118	116	114	117	125	118	122	125	123	114	119	114	120	113	116	115	117	112	115	120	113	119	117	114	109	112	116	116	109	119	122	128	120	127	115	120	119	120	120	121	113	127	119	113	119	123	112	113	120	120	119	119	121	131	119	115	120	123	113	118	118	113	123	119	123	123	123	121	122	113	121	125	119	113	120	110	117	117	114	111	118	118	120	116	118	122	116	120	122	117	119	121	114	115	122	130	115	125	121	115	115	123	119	114	124	121	115	118	117	125	116	120	114	117	110	116	123	116	116	114	120	118	127	115	116	122	114	120	124	116	116	115	123	116	122	115	103	113	116	117	116	112	118	120	123	110	118	108	112	115	121	115	117	125	121	119	112	109	119	113	123	117	113	115	114	109	126	125	124	118	115	120	121	118	116	109	113	118	121	119	122	117	121	124	118	116	116	117	124	119	117	117	120	119	118	124	101	118	116	120	126	129	111	125	121	121	119	114	122	117	108	115	118	119	127	116	121	122	119	123	114	110	116	117	115	105	124	103	119	118	111	114	117	114	121	121	122	112	120	108	119	122	118	117	123	112	121	125	121	120	120	120	116	113	119	113	111	118	120	113	111	117	118	114	120	118	116	120	118	113	116	122	117	115	124	116	116	126	115	115	116	118	119	120	115	116	117	120	117	115	116	117	107	111	120	114	121	129	123	120	110	119	124	123	125	113	112	119	120	119	117	116	113	113	117	121	117	115	116	118	115	123	119	113	121	126	121	124	110	122	122	117	117	115	112	120	123	133	114	119	118	114	114	119	114	119	114	125	119	122	117	120	117	107	117	109	115	106	116	123	120	117	122	108	120	110	118	112	118	114	112	119	122	114	120	120	120	123	114	112	117	118	119	112	123	113	119	119	123	118	116	118	116	115	123	114	118	114	120	116	120	122	113	120	121	123	117	115	113	113	119	120	111	118	109	116	126	118	116	117	116	117	120	119	116	114	121	112	114	110	115	110	130	112	118	112	125	125	119	115	124	116	116	119	124	120	114	114	122	116	118	114	110	121	125	119	117	114	121	124	120	112	116	116	121	116	109	118	124	117	109	119	114	123	117	119	118	118	116	113	112	124	110	109	125	116	126	118	119	110	116	122	122	118	120	123	121	122	114	115	119	119	110	113	117	117	117	119	113	115	114	121	116	126	122	117	124	118	121	116	113	122	123	117	125	118	119	118	126	124	121	118	115	111	114	117	115	120	115	119	115	113	113	118	119	118	122	118	124	116	125	115	109	127	113	117	116	119
1000	110	120	124	122	119	118	113	119	115	116	116	123	123	120	123	120	123	122	116	119	124	125	113	119	127	129	121	117	123	118	121	117	118	123	109	123	122	124	120	122	124	121	120	130	118	122	112	128	120	121	127	122	124	116	117	121	123	126	120	129	125	118	122	122	126	124	120	127	114	118	123	112	127	129	116	128	118	116	127	123	114	124	126	116	121	121	130	120	125	124	119	127	119	112	120	114	128	127	118	114	117	118	120	119	113	124	126	120	119	118	128	120	126	123	117	121	118	122	120	120	118	121	113	123	123	118	120	127	130	122	120	121	110	127	117	119	118	113	121	125	115	127	114	117	126	121	128	116	118	121	116	123	120	124	111	117	123	119	125	125	120	122	121	119	116	126	122	118	121	129	126	126	121	125	110	117	125	120	117	130	114	122	115	129	117	120	110	126	124	135	126	122	114	118	128	123	122	120	124	117	126	115	120	115	115	121	121	120	123	126	127	123	120	112	110	114	125	119	132	121	125	130	122	117	122	120	120	122	118	127	117	130	125	127	119	120	129	130	128	118	116	124	117	128	127	121	122	122	131	115	127	118	122	112	125	122	119	123	124	131	119	128	123	126	109	120	124	122	124	123	122	124	113	119	125	122	120	118	117	123	120	125	126	127	125	112	124	118	127	117	118	117	120	116	124	116	129	119	125	117	123	115	125	118	118	125	129	120	118	122	129	118	126	116	123	124	113	125	126	103	117	126	134	128	122	120	125	116	124	121	126	123	113	127	119	117	118	122	127	120	117	125	122	119	119	129	122	122	116	123	128	119	122	123	124	120	127	117	129	124	129	129	118	119	118	119	121	118	118	117	116	121	112	121	124	116	112	124	126	112	119	116	124	126	129	114	119	124	119	117	117	121	119	131	123	127	125	119	125	126	123	117	119	117	120	124	127	119	124	124	119	119	117	125	115	128	117	129	117	118	117	124	117	123	122	123	124	129	124	117	123	130	122	120	123	119	131	122	120	118	108	122	120	118	112	119	117	126	123	119	118	124	123	124	122	122	122	128	123	125	122	116	123	122	121	121	115	121	122	118	121	122	119	126	121	118	122	121	126	119	118	113	121	117	127	121	115	122	122	129	120	126	119	117	119	124	124	118	126	120	124	124	120	122	118	122	124	119	121	114	124	112	131	115	113	114	121	121	113	121	116	126	119	113	125	126	113	119	121	121	117	123	123	119	118	124	119	118	117	119	119	125	120	125	118	125	119	119	121	118	118	129	122	131	120	120	120	125	122	125	118	128	124	123	130	122	118	120	117	121	119	119	124	124	121	118	118	118	114	131	119	116	122	115	129	116	131	125	120	120	127	123	117	122	117	124	116	109	116	113	124	120	111	120	123	118	125	114	124	120	128	121	113	120	116	120	118	123	130	125	119	111	121	116	129	123	127	120	113	119	135	119	118	126	117	121	129	125	123	124	119	125	113	122	119	123	121	133	123	118	129	127	117	114	129	126	123	120	129	124	124	130	128	124	120	121	128	122	123	117	117	123	120	123	118	118	126	131	117	124	122	128	117	117	127	113	127	116	118	121	124	118	115	123	126	130	115	122	122	121	121	120	117	119	124	126	115	125	128	127	108	123	114	128	118	122	126	116	121	113	124	121	123	121	122	128	116	130	122	115	127	116	134	118	124	121	124	125	121	121	128	123	132	117	117	119	123	114	124	121	121	124	127	129	119	125	121	116	120	114	121	119	118	118	125	118	121	121	131	117	116	124	125	112	128	108	129	119	125	126	124	116	120	123	126	119	112	120	112	119	131	116	129	118	124	118	126	132	118	123	127	123	118	113	121	120	122	118	122	120	127	126	123	119	120	119	127	124	115	114	118	127	117	123	120	118	118	120	123	107	113	127	119	116	127	117	125	115	124	120	117	119	127	123	121	120	118	119	124	112	117	125	130	114	120	122	120	117	121	123	119	114	127	129	128	126	123	124	122	124	119	123	120	121	115	115	119	123	121	124	127	122	116	120	130	105	119	122	121	113	128	114	120	121	117	120	119	134	122	121	118	123	139	131	123	119	120	121	125	123	130	125	128	127	117	126	127	119	123	122	120	121	117	126	123	130	120	114	124	123	127	117	123	121	124	124	119	118	124	120	117	117	117	122	124	116	130	124	118	119	118	123	125	117	122	121	125	114	111	117	121	126	123	118	126	123	112	120	119	126	118	124	120	121	120	120	121	123	118	119	129	115	120	126	119	119	127	128	118	115	126	126	122	125	125	118	113	128	115	124
2000	146	142	144	144	150	148	146	146	142	139	144	138	146	142	135	152	137	144	146	146	149	138	134	148	141	151	143	154	139	145	142	144	150	134	135	149	144	144	142	142	146	139	151	139	146	148	139	149	141	145	139	146	153	139	140	151	141	154	154	146	147	134	144	143	142	151	139	145	138	152	148	145	138	142	142	137	142	149	138	137	146	153	143	145	137	140	147	146	138	146	144	145	148	150	143	143	146	148	141	150	149	146	143	149	146	149	145	144	140	142	145	141	152	135	144	155	136	147	143	142	147	145	152	139	141	141	147	134	148	147	153	137	145	144	138	147	146	143	140	143	150	144	143	151	148	146	145	145	146	137	144	148	141	146	142	140	139	143	138	145	143	142	147	147	148	143	148	143	142	139	141	141	149	144	147	151	144	141	142	144	139	149	138	141	147	148	142	146	140	141	154	141	150	146	139	146	135	138	146	153	148	150	147	146	145	149	148	139	139	142	146	134	139	144	136	142	141	154	146	146	146	157	137	138	148	146	146	144	146	142	136	144	147	136	142	141	143	143	148	155	139	142	153	141	142	145	145	144	144	152	145	146	138	148	141	142	144	140	152	145	146	136	145	142	136	143	149	138	149	142	150	141	138	149	139	137	144	148	139	144	149	141	139	136	147	148	139	135	145	149	152	144	148	141	136	148	149	141	139	145	147	138	154	143	138	140	142	142	144	137	141	145	148	144	144	137	142	138	144	148	134	136	139	139	136	139	146	149	143	147	151	143	156	135	144	141	136	145	142	142	142	149	149	143	146	144	143	147	148	149	143	135	144	144	150	144	137	150	141	149	143	142	148	140	139	142	146	140	134	140	152	152	139	152	141	150	143	144	148	136	137	140	142	145	149	143	143	146	144	147	145	143	145	140	147	138	144	140	142	150	149	141	148	144	146	141	142	153	142	142	143	144	143	145	141	141	141	150	138	140	144	146	138	140	153	146	145	141	141	140	147	144	142	145	143	145	146	145	145	152	140	144	146	147	143	142	142	140	141	148	146	134	153	152	150	144	154	141	140	152	142	144	147	144	148	142	147	147	144	140	142	147	146	149	146	143	138	148	143	145	142	144	152	146	147	142	141	148	148	145	145	135	145	143	143	141	143	144	143	148	148	134	147	143	140	146	144	148	137	150	139	145	140	146	149	142	145	146	149	140	147	150	146	141	139	137	143	140	145	136	151	146	147	140	140	143	146	141	134	140	155	143	144	133	140	146	144	150	143	147	148	154	137	147	151	146	153	144	142	146	153	133	146	139	143	142	150	141	142	152	142	145	143	147	136	147	140	148	145	151	152	144	150	142	151	146	144	142	141	148	149	149	142	148	135	138	149	138	146	152	145	150	146	146	148	141	148	139	145	142	151	147	146	142	146	145	154	143	142	147	142	140	143	140	139	144	146	152	148	152	150	149	147	135	149	147	147	156	137	142	144	142	149	144	141	150	146	140	140	141	147	131	140	143	139	139	136	146	143	145	148	152	142	143	144	147	147	141	149	156	144	144	142	148	141	151	142	140	147	148	143	147	146	144	149	143	149	137	147	150	149	144	147	140	133	149	140	147	135	138	142	146	146	143	143	143	139	141	141	144	148	145	141	142	143	145	146	143	137	141	141	140	143	140	141	139	147	135	148	136	136	139	145	153	145	145	142	156	146	137	149	142	140	138	143	144	140	140	142	146	139	136	152	144	142	148	131	143	146	148	142	144	150	146	146	143	157	146	135	141	135	141	140	139	148	135	151	141	142	143	142	156	151	157	148	142	144	140	145	152	155	154	150	142	142	136	148	142	144	146	144	144	149	144	144	152	143	148	147	145	141	148	145	149	146	140	148	135	148	140	144	144	140	140	141	150	147	144	148	154	145	139	151	146	150	145	145	139	149	152	149	142	143	146	144	140	146	140	127	143	146	151	149	137	141	155	147	142	143	135	146	147	142	143	145	141	149	145	154	144	143	137	141	139	143	141	139	145	136	151	143	145	154	144	148	132	149	136	149	148	143	139	143	143	149	145	146	147	151	143	152	144	142	138	140	142	145	148	149	139	150	148	143	136	142	143	148	147	149	146	142	141	150	142	147	147	147	138	144	139	139	143	149	149	138	143	137	142	136	145	144	135	149	139	149	153	140	143	148	139	145	144	147	144	144	144	137	150	139	141	146	150	144	141	146	147	148	147	148	147	143	150	147	152	156	142	142	150	145	147	139	153	143	143	145	144	147	146	142	144	144	148	147	144	141	138	150	141	142	145
4000	158	173	164	169	166	163	158	173	168	169	166	176	158	177	163	163	162	158	168	169	166	174	165	165	162	168	173	164	168	165	161	163	167	167	164	166	168	173	169	174	167	166	174	167	167	173	166	177	171	160	164	168	168	169	165	165	163	164	170	164	169	179	169	164	169	166	169	165	164	169	159	157	168	167	164	159	164	171	174	168	170	170	168	165	167	166	164	168	159	168	170	154	165	172	168	158	172	159	159	165	163	166	170	167	164	162	162	171	164	175	167	172	163	161	176	168	171	171	166	163	168	164	169	168	174	165	175	171	172	175	170	166	160	163	168	173	166	172	170	176	169	166	168	161	173	163	175	169	167	168	166	175	166	170	163	173	165	170	173	168	163	171	166	171	166	161	170	170	172	159	165	168	169	165	163	168	162	162	170	164	161	172	161	166	159	170	172	169	170	166	172	160	171	161	178	166	167	165	168	167	165	168	157	163	162	168	166	165	167	170	162	167	172	164	172	170	168	169	168	162	162	160	165	168	173	174	169	169	165	174	161	160	169	174	171	169	172	164	171	170	160	168	163	171	175	162	169	168	163	168	169	165	167	173	166	176	172	158	174	161	170	160	165	165	157	168	172	164	169	170	159	174	159	170	161	169	172	163	166	166	163	171	170	168	176	159	162	169	170	169	172	167	175	164	172	169	171	169	159	163	157	167	166	176	164	167	166	163	171	170	165	163	174	168	166	172	167	168	176	162	164	168	168	173	163	171	168	163	168	165	168	159	167	166	168	170	167	166	171	175	165	162	163	165	171	159	172	165	163	166	166	166	178	172	176	172	165	166	163	161	172	171	168	166	168	163	172	170	168	176	167	166	165	162	166	164	178	170	164	170	173	165	164	170	167	163	161	171	164	161	169	158	169	160	160	163	162	159	160	171	163	169	167	166	168	166	175	169	167	174	163	166	169	164	167	170	170	165	164	171	167	163	170	167	165	165	164	174	176	167	173	162	160	168	176	168	162	160	162	167	170	168	165	164	170	170	165	168	166	166	165	168	158	170	170	164	165	173	176	170	160	172	166	171	173	164	174	171	172	161	162	157	169	166	171	169	159	163	170	167	170	157	175	164	174	161	173	168	158	167	169	160	171	168	169	172	177	160	170	167	166	165	170	166	162	169	174	167	161	165	173	165	166	168	167	155	164	170	171	169	162	166	169	175	163	167	164	163	169	169	171	161	172	165	165	172	167	172	165	169	170	171	174	174	158	172	170	166	161	164	169	170	162	172	172	170	169	171	162	160	160	171	171	172	172	161	171	165	166	167	169	158	168	161	164	165	167	170	170	168	169	167	166	169	167	160	169	166	169	166	166	164	166	170	173	163	161	164	164	163	164	166	171	169	168	170	163	175	164	163	165	165	166	173	163	167	163	176	165	166	163	171	161	165	166	167	171	156	174	163	166	164	165	163	165	169	157	166	171	169	166	164	162	173	164	164	173	173	164	164	170	175	165	172	167	169	168	167	171	168	161	162	175	165	160	163	166	166	161	158	169	160	173	163	176	159	171	167	169	172	166	167	161	172	157	169	172	160	167	154	169	162	154	177	168	164	161	163	170	173	159	164	167	162	165	164	167	163	169	172	160	159	170	159	165	167	169	167	170	162	163	173	174	167	177	167	170	162	169	162	165	162	161	172	161	168	163	168	169	173	165	170	166	171	163	154	164	176	168	166	167	170	156	170	169	161	160	170	162	168	167	166	171	177	165	164	161	166	166	165	163	168	166	160	161	172	165	169	169	165	166	159	176	174	175	171	157	170	168	187	159	174	166	164	165	169	166	174	161	165	172	167	171	176	167	165	163	164	166	167	169	171	175	172	166	164	178	163	161	165	167	163	158	156	162	168	163	165	159	171	171	165	167	168	166	165	172	164	170	173	166	166	162	165	165	166	170	166	163	168	174	171	178	166	168	170	170	161	166	175	168	170	168	155	158	164	168	167	163	167	172	163	164	171	164	166	165	162	163	175	172	177	175	181	160	164	167	169	168	168	164	166	164	159	172	168	162	174	172	168	159	162	162	170	161	161	173	165	167	162	167	167	155	171	164	166	172	169	170	166	162	166	164	163	164	173	170	174	167	169	160	170	163	167	169	165	164	157	159	166	167	161	163	168	171	163	160	168	173	161	174	161	162	165	168	166	170	159	171	165	168	166	162	162	172	175	173	172	162	176	160	162	167	178	159	161	167	172	168	169	166	165	165	163	166	176	156	169	161	166	165	166	174	162	170	161	163	165	175	160
6000	175	175	186	185	181	188	185	175	174	183	185	184	188	176	182	175	180	178	179	183	185	187	185	182	182	182	173	175	185	175	180	180	174	183	182	179	198	184	182	176	175	181	177	181	185	184	179	179	177	175	184	180	181	174	186	187	179	174	184	184	178	185	178	180	186	177	180	179	184	175	187	176	190	173	179	181	174	176	176	190	181	181	184	176	182	183	178	184	177	183	185	177	181	181	172	180	173	181	186	172	179	183	182	178	174	181	179	181	175	183	182	178	171	188	176	179	182	179	180	191	181	183	174	178	180	174	179	182	189	189	190	182	181	181	176	181	176	178	175	178	184	182	177	184	183	169	186	183	171	181	174	185	176	178	182	182	174	179	189	178	180	184	178	183	172	182	178	181	179	181	171	178	169	187	180	180	186	176	187	178	174	177	181	175	185	175	188	177	175	179	191	177	184	173	182	177	187	181	178	182	172	179	175	176	181	185	175	189	184	177	183	185	187	177	174	183	181	189	182	182	188	181	183	184	173	179	177	184	183	173	188	187	174	181	185	187	172	177	175	178	177	177	177	172	186	184	184	182	181	182	186	179	182	177	176	184	186	181	180	179	179	175	185	183	184	184	186	172	182	171	183	179	180	181	179	181	178	182	185	179	178	178	179	174	178	183	178	178	181	175	185	189	177	182	181	177	181	188	172	174	174	178	185	190	177	186	179	190	191	178	183	182	176	188	180	176	186	178	183	181	180	177	177	187	186	178	174	178	182	176	179	176	180	174	181	182	182	176	180	180	188	172	186	175	184	182	179	183	176	182	187	179	185	187	187	182	181	182	174	176	188	176	178	178	180	188	171	178	181	174	186	171	181	184	184	173	171	175	185	190	193	183	178	181	183	185	180	187	179	183	179	188	180	175	186	182	185	183	183	174	187	176	178	171	184	179	184	185	188	186	176	191	177	186	172	175	175	187	166	191	185	182	179	187	170	178	182	187	174	181	189	176	177	175	169	180	177	191	179	182	187	178	183	181	175	175	176	183	183	181	178	173	181	187	179	180	182	180	181	184	177	181	181	184	174	183	190	184	189	180	187	186	185	177	173	174	177	186	179	182	183	185	182	177	188	183	180	183	186	178	183	176	178	183	176	182	181	171	182	183	182	185	182	184	192	173	182	185	175	174	184	173	186	186	179	185	179	175	186	181	186	182	183	177	172	174	181	183	183	184	178	174	173	173	181	175	183	172	182	183	187	186	193	185	185	176	179	175	178	179	180	178	183	186	180	176	182	180	178	181	190	184	185	182	178	174	179	179	189	176	185	184	184	191	180	184	183	176	185	172	188	178	182	180	177	182	182	173	178	178	173	181	179	187	181	176	181	178	180	180	179	186	174	186	183	186	181	177	175	181	181	188	196	179	184	182	177	179	172	177	176	178	179	178	185	183	184	180	173	183	183	183	174	177	181	182	178	183	178	181	174	181	175	174	182	185	179	174	183	182	180	174	180	181	180	180	185	183	178	173	181	182	180	175	186	180	187	176	180	191	184	177	186	186	184	177	184	185	177	182	172	186	185	179	173	175	184	181	189	175	181	182	176	180	172	171	177	172	177	174	179	177	172	183	179	183	185	180	183	172	182	181	186	183	181	185	174	177	184	180	179	171	179	184	181	191	175	174	185	178	182	186	183	182	178	187	179	179	176	179	182	186	185	181	182	180	181	179	176	184	180	173	188	190	181	183	174	189	176	178	183	185	176	184	178	180	180	180	187	181	171	181	177	178	174	190	172	177	171	176	192	186	185	184	180	184	174	182	185	173	182	183	188	185	179	173	174	190	174	181	182	171	184	179	186	176	182	194	188	180	191	183	178	173	180	173	182	176	183	176	175	184	175	188	175	182	179	177	181	178	182	193	185	175	188	181	179	172	176	178	178	180	179	173	186	184	189	180	177	189	178	179	172	183	179	190	180	175	185	179	180	179	173	178	184	171	196	182	188	182	179	179	171	179	180	185	183	189	175	179	182	180	186	184	174	180	181	179	182	183	176	182	173	189	185	185	181	183	186	187	181	177	183	177	181	180	178	180	181	180	176	177	179	190	186	183	191	172	180	173	182	178	184	189	185	180	185	185	183	174	184	172	174	177	179	185	175	180	175	175	175	184	184	179	178	180	179	174	178	174	182	180	190	182	186	177	182	180	177	179	184	177	185	178	177	178	181	180	187	182	186	182	179	181	182	190	181	182	183	174	180	186	181	188	182	180	183	176	187	178	180	183	180	181	179	181	179	185	177	183
8000	189	200	191	195	186	185	180	189	197	191	190	190	190	188	187	189	192	199	191	189	192	187	196	196	192	197	187	185	196	185	185	183	194	191	188	189	185	205	194	187	195	183	199	196	187	186	190	189	190	187	177	195	197	188	193	190	193	184	193	188	182	192	192	193	190	188	186	189	194	196	194	189	193	193	191	193	188	189	182	188	196	190	197	193	189	194	190	196	198	202	198	186	195	188	185	196	187	202	196	193	194	196	190	187	184	187	194	201	194	184	191	190	185	191	184	188	191	197	191	195	190	186	192	189	196	192	194	185	184	190	186	191	187	195	188	190	186	185	186	186	195	188	185	191	196	187	187	196	192	188	190	191	196	190	192	196	195	189	189	196	192	181	191	198	193	197	186	193	190	181	196	191	201	200	194	189	192	190	192	198	190	198	185	190	196	183	189	199	194	196	186	196	188	188	196	192	197	187	182	186	196	194	192	186	190	194	196	197	185	189	185	190	186	194	204	190	187	201	195	187	193	190	195	190	184	193	182	194	199	189	195	195	197	197	185	193	194	190	194	197	190	190	188	187	191	182	188	189	185	194	185	191	195	193	184	193	190	190	192	181	191	190	183	191	191	186	182	194	195	189	187	194	189	186	200	187	197	190	198	190	194	193	196	191	188	196	192	192	188	191	187	198	190	187	181	197	195	195	187	190	190	199	189	191	191	187	193	184	193	187	185	180	188	191	185	193	188	191	196	195	191	193	202	195	190	188	185	187	189	188	187	191	189	188	194	189	194	193	195	186	193	188	185	194	187	189	189	186	188	189	196	191	178	190	180	185	184	187	190	194	198	189	182	195	187	190	196	193	189	185	183	191	192	197	197	189	193	193	190	187	185	190	192	192	190	186	187	189	190	192	190	193	196	190	194	199	190	189	183	194	194	186	200	196	196	185	192	189	204	186	185	192	199	187	188	183	185	190	189	190	195	186	195	189	188	197	195	196	190	188	195	188	185	194	191	199	191	191	192	191	196	188	191	195	186	190	193	189	190	195	188	186	193	194	192	191	192	191	187	194	185	194	194	188	188	194	195	192	189	187	192	195	193	198	188	194	196	186	193	186	188	193	186	193	195	196	184	185	181	191	190	186	190	190	191	188	191	187	200	194	193	195	185	191	186	181	185	192	188	196	188	194	192	196	192	185	188	197	194	187	188	185	191	180	188	192	187	183	191	185	189	189	195	192	183	181	198	196	196	191	190	193	188	195	182	188	183	187	177	190	189	193	186	188	194	196	189	193	189	190	188	192	195	193	191	191	194	194	192	185	194	186	193	186	192	193	187	189	197	197	187	189	188	190	191	194	192	197	187	191	190	194	191	187	184	182	190	192	184	184	191	191	189	194	188	190	191	189	192	196	188	192	190	198	182	194	193	186	197	189	181	194	186	186	187	194	189	193	198	196	187	196	193	190	194	189	189	190	189	190	186	195	186	184	183	192	189	183	183	191	192	196	186	184	192	176	193	194	186	190	185	192	187	195	192	189	195	194	192	187	186	186	182	184	189	194	189	190	181	198	190	191	190	190	188	185	195	191	187	191	191	187	192	186	190	189	199	188	186	201	201	188	189	190	187	194	186	197	190	188	192	192	189	191	191	193	190	194	191	189	196	193	189	188	194	191	197	186	192	190	199	192	194	185	200	187	195	185	195	192	182	183	190	198	183	187	185	188	193	192	184	185	183	192	186	185	192	194	193	206	193	196	196	199	181	187	195	181	191	196	197	197	198	194	191	193	183	193	195	184	193	188	185	197	189	194	194	186	194	182	188	188	192	187	194	192	201	192	188	188	191	195	185	185	189	191	195	186	195	192	194	186	196	186	194	195	203	187	192	193	192	180	187	188	191	187	195	191	192	182	187	199	197	198	189	184	189	187	186	194	184	187	186	185	192	199	194	182	195	180	190	192	189	193	187	183	194	195	192	174	182	190	192	194	192	195	196	189	200	189	191	180	192	184	191	203	187	195	187	185	193	188	190	195	190	194	193	193	186	199	196	187	186	187	188	183	190	197	184	191	195	198	195	182	191	190	188	191	193	185	193	184	196	194	190	188	197	185	199	185	191	188	190	189	188	191	189	197	197	190	180	197	186	182	187	187	197	193	197	199	190	194	190	194	189	185	184	184	188	192	195	189	183	192	182	188	185	186	190	190	187	189	189	196	194	194	191	196	187	187	191	191	186	190	189	192	189	188	201	190	190	185	190	185	192	194	187	196	191	194	196	196	183	194	192	190	196	195	195	187
10000	209	201	192	193	194	200	201	188	201	195	197	200	202	202	207	190	195	200	207	197	199	202	198	195	195	199	202	195	203	198	212	201	200	199	201	191	204	204	204	205	196	211	205	194	203	202	199	200	197	201	199	198	201	203	199	204	196	207	199	201	201	199	205	198	201	198	195	201	201	194	198	198	198	196	210	201	204	190	199	199	194	203	197	206	203	197	203	193	205	198	200	202	193	202	194	199	196	210	203	195	196	201	203	204	203	195	203	199	202	198	197	205	199	205	195	192	186	199	196	205	203	197	201	195	203	199	196	197	201	201	200	194	200	197	197	196	203	200	202	196	197	195	191	202	197	201	192	200	200	204	199	198	200	192	192	206	195	196	200	200	198	191	205	204	199	202	197	200	200	200	194	196	198	200	210	200	194	206	196	209	198	199	207	198	206	193	200	201	195	203	202	194	195	202	201	192	197	209	193	195	199	196	191	203	206	203	208	207	196	196	203	205	190	200	201	207	194	200	200	198	197	195	199	198	202	202	207	197	200	204	205	198	205	192	197	188	194	204	204	200	205	200	194	202	188	204	208	194	198	206	197	193	206	201	202	204	196	196	198	214	197	197	198	195	200	204	199	196	197	198	203	205	193	192	206	208	196	200	196	188	197	205	204	202	197	188	195	195	193	196	198	203	207	202	203	196	195	205	195	195	197	204	194	204	194	201	204	201	195	193	217	194	198	203	206	192	204	196	196	204	209	201	193	198	197	198	201	193	195	192	212	189	202	198	206	209	198	197	206	205	200	197	206	201	188	203	202	198	198	188	204	201	197	197	195	195	198	202	203	202	205	200	201	204	200	198	204	203	204	193	194	187	199	198	196	199	202	195	203	199	198	202	198	185	202	204	195	194	203	200	194	202	193	198	195	191	194	206	202	204	203	205	196	194	212	196	199	200	207	201	206	203	193	196	190	204	202	197	203	199	202	202	206	205	193	205	196	194	198	198	200	198	197	198	199	199	205	205	197	191	197	209	199	199	194	198	203	196	198	198	195	198	195	202	194	201	189	203	200	204	196	199	198	195	203	194	201	196	214	202	198	199	206	194	194	190	197	204	203	203	192	200	200	201	196	206	199	195	202	203	189	207	196	201	199	194	198	191	203	197	202	188	198	202	186	203	200	201	197	195	194	196	200	198	193	209	208	200	209	204	200	200	201	203	202	195	199	196	200	201	205	199	205	201	197	202	202	194	192	197	196	201	204	193	192	196	203	201	195	201	199	191	195	201	201	197	195	190	207	206	196	200	203	201	199	199	203	199	201	196	198	199	201	192	199	193	201	201	194	196	197	196	192	197	191	208	207	195	204	203	198	205	198	197	197	198	207	198	203	195	207	199	198	199	196	200	207	197	208	204	199	205	191	204	206	203	196	204	197	203	193	193	205	196	200	197	204	210	198	202	199	201	198	197	193	201	195	202	196	194	199	192	202	203	194	202	205	198	193	204	202	189	190	206	197	203	192	200	186	203	203	201	199	200	206	205	193	203	204	194	207	195	205	200	201	189	195	202	195	193	192	200	189	199	201	195	198	199	194	197	202	205	206	193	198	203	188	201	199	196	199	204	201	206	201	187	202	199	194	197	194	200	196	194	195	201	199	197	193	205	195	208	197	190	195	200	200	200	204	197	197	200	203	195	198	204	193	196	203	198	191	199	202	198	194	191	191	206	199	199	195	191	207	189	207	195	195	198	197	188	201	209	192	198	194	203	197	196	196	194	206	203	193	200	197	204	202	188	194	197	198	200	203	197	203	198	207	198	196	199	199	199	204	197	197	198	197	202	194	200	193	202	195	206	207	205	207	201	204	201	206	196	202	204	205	201	206	187	204	184	202	189	189	197	194	198	195	199	205	201	206	201	195	189	199	185	200	201	210	203	192	201	200	197	199	195	203	200	195	203	202	201	207	195	198	213	201	197	203	204	210	201	191	208	201	202	203	201	196	197	200	199	203	201	201	207	189	212	197	196	194	192	212	205	194	197	199	200	200	196	193	199	201	204	192	198	193	189	203	194	199	196	198	197	196	205	202	195	195	197	198	195	201	194	193	201	202	203	193	203	192	208	199	199	204	206	195	199	202	203	195	200	198	190	200	196	193	202	204	202	198	214	193	208	210	201	187	197	202	209	199	205	192	193	195	199	202	195	196	208	211	201	201	200	196	191	199	194	199	206	206	204	193	192	187	205	201	201	200	202	200	206	202	208	205	199	196	207	199	193	195	200	194	194	202	199	188	192	195	193
20000	229	221	227	233	233	226	231	229	223	229	231	233	221	236	235	224	233	222	226	224	233	226	227	226	235	227	223	230	235	235	224	227	229	226	226	232	226	226	229	223	231	231	227	231	228	224	236	233	233	236	234	235	230	233	232	233	219	234	231	227	224	237	227	238	229	232	222	222	230	233	230	220	232	226	229	221	239	228	228	226	228	222	224	227	225	225	236	229	220	234	227	228	226	231	233	226	227	224	227	234	230	235	225	221	227	226	230	228	233	227	228	229	229	228	225	234	233	231	227	234	224	223	236	231	224	223	227	234	230	225	231	229	226	222	236	226	224	227	225	226	229	231	223	229	221	230	230	225	230	227	220	234	225	228	226	232	230	232	228	227	232	225	221	228	232	233	221	235	231	232	236	233	227	229	226	232	222	224	229	235	228	222	226	234	219	227	237	226	236	229	231	229	227	233	231	227	227	223	224	225	230	224	226	229	229	231	223	225	227	232	231	233	226	227	227	228	233	231	225	229	226	231	226	230	237	230	230	220	228	234	230	221	224	227	231	223	226	228	226	228	236	230	228	229	228	231	233	227	236	229	232	231	229	232	234	224	232	225	228	227	234	234	231	220	225	221	229	229	234	227	227	234	222	231	224	227	227	232	228	231	232	228	224	225	229	234	228	231	232	222	227	225	222	234	240	233	220	228	233	221	230	231	229	228	231	231	235	222	227	230	223	229	229	228	228	225	231	228	228	227	225	223	231	223	219	230	230	229	237	229	229	223	229	224	222	227	224	230	227	226	230	227	229	226	232	227	233	223	233	233	229	237	236	223	238	220	228	226	237	224	229	230	227	226	232	228	234	223	226	224	232	230	231	230	233	232	232	228	224	225	233	232	234	228	228	216	231	221	230	228	219	234	233	227	231	228	230	229	232	228	231	226	225	221	223	223	226	228	230	235	229	221	228	228	224	225	234	233	231	226	223	220	225	227	227	231	232	225	230	224	234	228	225	230	237	227	225	229	230	229	230	232	234	225	225	225	223	228	231	237	229	226	225	230	237	234	226	230	227	226	229	220	234	231	232	230	222	221	232	235	232	231	232	229	226	230	231	225	228	228	238	230	228	226	234	231	235	221	228	233	229	222	219	226	225	225	225	235	223	226	229	232	227	233	226	230	230	229	230	226	225	228	229	222	232	227	229	223	222	231	226	223	234	228	233	231	234	227	233	233	227	224	228	231	224	227	235	231	235	226	226	240	227	228	230	229	230	232	223	232	222	229	229	232	222	231	225	231	222	232	227	233	232	219	228	229	226	224	224	230	227	229	225	228	224	230	241	228	223	234	229	230	228	231	232	229	228	228	228	225	223	232	225	229	228	238	232	221	228	233	232	223	227	224	233	227	235	232	232	222	237	229	228	227	230	234	242	231	222	232	225	229	226	238	233	233	231	218	223	230	231	231	227	231	235	226	235	235	229	224	228	235	224	233	229	232	227	225	231	234	219	234	230	234	222	227	240	229	225	238	230	227	224	227	229	230	237	233	232	233	230	223	232	229	236	224	225	225	228	223	238	234	229	228	224	224	219	228	232	224	225	225	228	235	228	232	224	231	234	224	229	229	225	229	223	226	228	233	236	234	225	241	227	235	228	229	227	235	230	219	229	222	233	229	239	230	235	228	229	234	227	225	226	225	229	231	228	231	226	227	229	225	226	232	220	233	229	233	227	239	226	231	230	228	232	220	233	221	229	235	230	234	236	234	228	223	227	230	227	230	230	227	232	222	221	232	228	228	237	222	229	233	227	222	235	225	224	231	230	231	224	231	226	228	218	225	225	223	227	228	230	224	233	229	228	232	229	221	228	231	232	226	235	223	226	230	231	225	229	220	233	228	233	225	231	234	231	225	233	230	229	235	230	235	230	224	223	224	229	227	227	227	231	229	233	222	228	229	227	226	232	224	244	229	230	221	229	235	228	222	229	231	226	225	227	231	239	227	233	233	229	222	230	229	227	230	228	225	232	234	228	227	228	229	235	237	224	222	223	231	233	236	228	235	220	232	226	229	231	223	235	230	226	229	228	221	228	233	230	224	230	228	225	230	226	233	224	229	228	234	234	227	237	228	233	235	229	228	226	227	235	224	229	223	228	234	224	226	239	231	225	219	232	224	225	223	231	226	230	229	221	227	230	226	231	229	233	233	226	219	227	228	230	230	237	228	233	221	222	226	235	226	224	229	223	231	229	226	231	228	233	222	233	218	234	227	224	216	235	228	232	226	228	233	219	233	229	227	238	230
30000	247	254	247	253	244	249	248	250	246	239	249	247	246	248	247	249	244	245	246	249	247	255	244	252	252	242	252	252	244	248	249	245	250	250	254	250	248	247	250	242	250	244	250	250	250	244	248	244	247	245	248	246	249	250	236	242	248	250	256	250	250	251	243	248	251	249	245	248	249	251	246	245	252	249	250	253	246	248	248	249	248	247	250	246	247	250	249	251	249	249	247	246	252	244	244	247	249	243	247	246	246	251	249	251	253	248	246	253	245	249	249	244	248	254	246	247	246	245	245	253	251	249	245	252	248	249	249	249	250	246	250	249	250	252	247	248	249	248	246	245	254	245	251	251	246	246	250	247	248	248	248	249	250	249	248	251	244	245	253	247	245	238	242	247	246	252	249	249	247	247	250	250	238	251	251	243	250	248	253	251	245	245	249	248	245	252	240	246	248	251	248	237	247	247	250	250	248	248	245	245	250	254	250	250	250	254	246	248	253	247	245	247	250	249	245	245	244	249	247	250	249	248	252	253	247	245	250	247	251	245	246	247	242	255	247	250	255	248	247	245	245	257	249	251	247	246	252	246	249	246	250	248	246	250	246	249	254	250	250	249	251	248	244	242	249	252	254	246	251	245	249	241	246	247	250	249	251	245	243	248	246	246	246	249	253	248	253	248	248	246	254	249	246	245	249	248	249	255	252	247	245	242	254	250	247	251	251	248	249	241	241	252	252	242	253	247	249	246	248	245	247	246	254	246	246	249	249	249	249	243	243	248	245	240	250	250	252	248	250	245	247	244	245	247	243	250	247	249	247	246	244	249	254	248	252	247	245	240	248	250	252	246	248	250	250	244	246	251	243	247	248	240	247	249	252	246	253	248	249	248	249	248	252	248	249	246	249	250	246	251	248	243	249	251	250	246	245	237	249	247	249	244	244	244	244	250	243	251	244	247	245	246	248	250	247	254	252	242	245	250	244	242	246	244	250	248	253	248	251	247	244	255	249	248	253	247	251	255	246	248	248	245	249	249	251	249	248	245	238	249	252	249	247	251	251	250	249	241	249	245	246	241	247	245	252	245	246	250	247	248	238	243	242	248	248	241	250	249	250	249	248	250	243	242	248	250	245	253	245	248	247	254	250	245	246	248	249	245	243	246	254	248	248	247	247	247	248	249	253	249	247	251	253	249	249	245	248	247	249	246	249	246	247	245	241	249	247	253	247	249	256	245	251	244	251	244	248	243	247	252	249	248	246	250	250	254	245	246	246	249	248	250	246	245	255	247	247	250	245	240	246	256	250	248	245	252	245	244	241	242	250	252	244	244	247	250	243	246	249	252	250	252	247	254	254	257	248	252	248	244	249	243	252	250	245	244	251	249	246	244	250	242	247	251	247	248	248	246	250	241	244	251	249	246	250	252	244	251	247	249	244	254	249	247	247	246	241	249	245	243	239	248	247	245	244	246	242	249	245	248	247	246	246	247	250	250	246	245	249	248	245	245	241	251	244	248	248	246	245	247	252	249	251	242	248	251	252	245	249	250	248	247	249	250	249	243	246	252	252	247	248	249	242	248	251	249	247	250	248	247	250	248	251	248	246	251	249	249	246	241	246	245	252	249	251	249	250	255	250	253	250	253	250	254	251	251	243	248	246	243	249	248	245	248	249	250	251	255	252	239	247	249	248	249	248	251	246	250	245	242	248	246	243	246	250	244	247	240	254	250	245	245	246	248	246	244	249	241	240	248	251	246	251	250	249	248	251	248	252	245	251	247	243	249	246	248	252	250	246	246	245	247	250	245	250	251	252	242	250	249	252	249	251	252	243	249	253	251	245	248	251	243	246	245	248	248	252	247	246	244	247	246	246	248	244	248	248	250	243	253	247	247	241	247	246	246	245	247	246	250	238	250	246	246	252	247	251	251	241	248	241	247	249	247	244	247	244	246	254	252	247	246	248	247	247	254	251	243	248	248	248	249	252	248	248	248	247	249	244	249	248	248	247	252	250	249	247	249	243	249	248	244	247	248	247	249	252	248	243	248	248	246	248	243	245	247	241	250	248	243	247	247	253	245	246	244	249	244	243	247	246	250	242	252	245	250	249	248	253	250	252	246	251	244	252	255	249	251	254	246	241	244	247	251	245	240	252	251	249	241	246	243	252	248	248	252	247	252	245	249	241	245	241	252	242	249	252	251	248	253	252	249	244	251	247	248	244	251	249	248	247	249	251	247	249	247	255	244	251	247	245	250	248	249	243	248	242	248	248	254	247	246	247	245	253	244	254	248	249	244
40000	263	261	262	260	262	262	263	261	262	262	262	262	263	263	260	262	260	259	262	262	263	263	261	263	263	263	263	263	262	261	263	262	262	262	263	261	260	262	262	262	259	259	262	262	262	260	261	261	262	263	263	262	262	263	262	263	260	258	262	260	260	261	262	262	263	263	262	262	260	263	263	262	260	263	262	262	262	262	262	262	263	260	260	262	260	262	263	263	262	262	262	260	261	263	261	262	262	262	263	261	262	262	263	262	261	263	262	263	263	262	262	263	262	261	263	263	262	262	259	263	263	260	260	261	261	263	260	261	260	261	262	263	263	262	262	262	263	262	261	261	262	262	262	262	262	263	262	262	260	261	262	261	262	262	262	262	262	260	262	263	261	260	261	262	263	263	262	259	259	262	260	262	261	261	262	263	261	261	263	262	262	262	261	262	262	263	263	261	263	260	262	262	261	262	262	262	261	262	263	262	262	262	260	262	262	262	262	263	261	262	263	263	260	262	262	261	261	260	261	261	261	262	262	261	262	261	262	260	260	259	263	262	263	263	263	263	261	260	262	263	262	260	261	262	262	259	262	261	262	263	260	261	262	263	262	262	261	263	262	262	261	263	260	261	259	262	262	263	259	263	261	260	261	263	262	259	261	263	263	261	262	262	260	261	262	263	262	261	263	262	263	261	263	262	262	262	262	261	263	260	260	263	263	261	263	262	262	262	260	259	263	259	262	261	263	259	262	262	260	263	263	261	262	262	260	261	263	263	262	262	263	262	262	262	260	263	263	263	261	262	258	263	262	263	262	260	261	260	260	260	263	261	263	262	262	262	263	263	262	263	262	261	263	261	263	263	263	263	261	263	260	263	261	262	262	263	262	261	263	261	262	262	262	262	261	261	262	263	262	262	260	262	262	263	261	262	261	263	262	262	259	262	262	261	261	261	263	262	262	262	262	262	263	263	262	260	261	259	263	263	263	261	263	260	263	263	260	261	262	261	262	260	262	261	263	262	261	262	263	262	262	263	262	263	260	262	263	262	262	262	262	260	263	260	261	262	261	261	260	263	260	263	260	262	262	261	262	262	258	262	261	262	261	261	263	262	261	262	262	263	263	262	262	262	262	261	262	262	262	261	262	262	263	262	262	261	260	261	261	263	262	262	263	263	262	261	262	263	262	263	263	262	261	263	261	259	261	261	262	263	263	261	262	263	262	263	262	263	260	261	261	258	262	261	261	261	261	263	263	261	263	258	263	260	262	263	263	263	263	261	262	263	263	262	263	261	262	262	263	262	263	262	262	261	263	261	262	263	262	262	262	262	263	262	262	260	263	263	262	262	262	263	263	261	262	262	262	262	261	262	263	262	261	263	261	263	263	263	262	262	262	261	261	263	259	263	262	263	262	258	261	262	262	260	260	261	259	261	263	262	259	263	261	260	262	261	262	263	260	261	260	263	259	262	263	263	262	263	262	262	263	261	263	262	263	263	260	261	262	262	262	261	263	262	261	262	262	261	260	260	263	263	262	262	263	262	261	262	262	262	262	260	262	262	263	260	263	262	262	262	261	261	260	262	263	263	263	263	263	261	263	262	261	262	262	262	262	262	262	260	260	261	263	262	262	262	262	259	263	262	262	263	263	262	258	260	263	263	262	261	261	260	261	262	259	262	259	261	263	261	262	262	261	262	262	262	262	261	261	262	261	262	259	262	263	263	262	263	263	263	263	261	263	261	259	262	261	261	260	263	260	263	262	263	262	263	261	263	263	262	260	263	263	261	261	261	262	260	262	262	262	263	261	263	261	262	257	262	262	263	261	262	262	261	263	259	261	262	263	262	263	261	262	263	263	261	260	263	263	262	262	262	263	261	261	261	261	262	263	260	261	262	263	262	262	261	263	263	262	261	260	262	262	263	263	263	260	262	263	262	262	262	262	263	262	261	260	263	262	262	261	262	262	263	262	260	263	261	262	260	262	261	262	261	260	263	263	262	261	262	260	261	261	262	261	261	263	261	262	262	262	261	262	262	262	262	262	263	262	262	262	261	263	262	260	263	262	263	261	261	261	262	263	261	261	262	261	263	261	263	263	263	261	261	263	260	260	263	260	260	259	262	261	263	263	261	263	260	262	260	263	262	263	263	263	262	262	262	261	263	262	262	262	263	261	261	263	261	262	261	263	262	262	262	260	262	260	262	263	263	263	263	263	263	263	262	263	261	262	262	263	262	262	263	262	263	263	257	261	261	260	263	261	260	263	259	261	261	261	262	262	263	262	262	261	263	262	261	260	262
41048	263	263	263	263	263	263	263	263	263	263	263	263	263	263	263	263	263	263	263	263	263	263	263	263	263	263	263	263	263	263	263	263	263	263	263	263	263	263	263	263	263	263	263	263	263	263	263	263	263	263	263	263	263	263	263	263	263	263	263	263	263	263	263	263	263	263	263	263	263	263	263	263	263	263	263	263	263	263	263	263	263	263	263	263	263	263	263	263	263	263	263	263	263	263	263	263	263	263	263	263	263	263	263	263	263	263	263	263	263	263	263	263	263	263	263	263	263	263	263	263	263	263	263	263	263	263	263	263	263	263	263	263	263	263	263	263	263	263	263	263	263	263	263	263	263	263	263	263	263	263	263	263	263	263	263	263	263	263	263	263	263	263	263	263	263	263	263	263	263	263	263	263	263	263	263	263	263	263	263	263	263	263	263	263	263	263	263	263	263	263	263	263	263	263	263	263	263	263	263	263	263	263	263	263	263	263	263	263	263	263	263	263	263	263	263	263	263	263	263	263	263	263	263	263	263	263	263	263	263	263	263	263	263	263	263	263	263	263	263	263	263	263	263	263	263	263	263	263	263	263	263	263	263	263	263	263	263	263	263	263	263	263	263	263	263	263	263	263	263	263	263	263	263	263	263	263	263	263	263	263	263	263	263	263	263	263	263	263	263	263	263	263	263	263	263	263	263	263	263	263	263	263	263	263	263	263	263	263	263	263	263	263	263	263	263	263	263	263	263	263	263	263	263	263	263	263	263	263	263	263	263	263	263	263	263	263	263	263	263	263	263	263	263	263	263	263	263	263	263	263	263	263	263	263	263	263	263	263	263	263	263	263	263	263	263	263	263	263	263	263	263	263	263	263	263	263	263	263	263	263	263	263	263	263	263	263	263	263	263	263	263	263	263	263	263	263	263	263	263	263	263	263	263	263	263	263	263	263	263	263	263	263	263	263	263	263	263	263	263	263	263	263	263	263	263	263	263	263	263	263	263	263	263	263	263	263	263	263	263	263	263	263	263	263	263	263	263	263	263	263	263	263	263	263	263	263	263	263	263	263	263	263	263	263	263	263	263	263	263	263	263	263	263	263	263	263	263	263	263	263	263	263	263	263	263	263	263	263	263	263	263	263	263	263	263	263	263	263	263	263	263	263	263	263	263	263	263	263	263	263	263	263	263	263	263	263	263	263	263	263	263	263	263	263	263	263	263	263	263	263	263	263	263	263	263	263	263	263	263	263	263	263	263	263	263	263	263	263	263	263	263	263	263	263	263	263	263	263	263	263	263	263	263	263	263	263	263	263	263	263	263	263	263	263	263	263	263	263	263	263	263	263	263	263	263	263	263	263	263	263	263	263	263	263	263	263	263	263	263	263	263	263	263	263	263	263	263	263	263	263	263	263	263	263	263	263	263	263	263	263	263	263	263	263	263	263	263	263	263	263	263	263	263	263	263	263	263	263	263	263	263	263	263	263	263	263	263	263	263	263	263	263	263	263	263	263	263	263	263	263	263	263	263	263	263	263	263	263	263	263	263	263	263	263	263	263	263	263	263	263	263	263	263	263	263	263	263	263	263	263	263	263	263	263	263	263	263	263	263	263	263	263	263	263	263	263	263	263	263	263	263	263	263	263	263	263	263	263	263	263	263	263	263	263	263	263	263	263	263	263	263	263	263	263	263	263	263	263	263	263	263	263	263	263	263	263	263	263	263	263	263	263	263	263	263	263	263	263	263	263	263	263	263	263	263	263	263	263	263	263	263	263	263	263	263	263	263	263	263	263	263	263	263	263	263	263	263	263	263	263	263	263	263	263	263	263	263	263	263	263	263	263	263	263	263	263	263	263	263	263	263	263	263	263	263	263	263	263	263	263	263	263	263	263	263	263	263	263	263	263	263	263	263	263	263	263	263	263	263	263	263	263	263	263	263	263	263	263	263	263	263	263	263	263	263	263	263	263	263	263	263	263	263	263	263	263	263	263	263	263	263	263	263	263	263	263	263	263	263	263	263	263	263	263	263	263	263	263	263	263	263	263	263	263	263	263	263	263	263	263	263	263	263	263	263	263	263	263	263	263	263	263	263	263	263	263	263	263	263	263	263	263	263	263	263	263	263	263	263	263	263	263	263	263	263	263	263	263	263	263	263	263	263	263	263	263	263	263	263	263	263	263	263	263	263	263	263	263	263	263	263	263	263	263	263	263	263	263	263	263	263	263	263	263	263	263	263	263	263	263	263	263	263	263	263	263	263	263	263	263	263	263	263	263	263	263	263	263	263	263
